transaction_id,user_id,merchant_id,amount,currency,status,timestamp,payment_method,payment_provider,country,response_code,response_message,fee_percentage,transaction_fee,net_amount,device_type,ip_address,user_agent,attempt_number,processing_time_ms,three_ds_verified,installments,category,is_international,settlement_date
TXN00000001,6719,735,14.89,CLP,approved,2025-08-09 04:03:54,debit_card,Visa Debit,CL,00,Transaction approved,3.46,0.52,14.37,desktop,97.38.175.12,"Mozilla/5.0 (Windows; U; Windows CE) AppleWebKit/531.1.4 (KHTML, like Gecko) Version/4.1 Safari/531.1.4",1,1491,True,1,retail,False,2025-08-11
TXN00000002,4754,465,14.29,MXN,approved,2025-09-11 02:17:39,credit_card,Diners Club,MX,00,Transaction approved,2.97,0.42,13.87,mobile,64.65.196.89,"Mozilla/5.0 (Windows; U; Windows NT 5.1) AppleWebKit/535.34.5 (KHTML, like Gecko) Version/4.0.2 Safari/535.34.5",1,2275,True,1,other,False,2025-09-12
TXN00000006,1380,918,24.15,MXN,approved,2025-09-11 02:43:27,credit_card,American Express,MX,00,Transaction approved,3.28,0.79,23.36,mobile,101.33.199.160,Mozilla/5.0 (Windows NT 11.0; nn-NO; rv:1.9.1.20) Gecko/2983-12-10 04:58:04 Firefox/3.6.20,1,2105,True,1,retail,False,2025-09-13
TXN00000009,2684,589,94.06,USD,approved,2025-08-28 00:04:52,credit_card,American Express,MX,00,Transaction approved,3.12,2.93,91.13,mobile,146.126.34.107,"Mozilla/5.0 (iPhone; CPU iPhone OS 17_4_1 like Mac OS X) AppleWebKit/532.0 (KHTML, like Gecko) FxiOS/18.9k2527.0 Mobile/60Q844 Safari/532.0",1,1304,True,12,tech,True,2025-08-30
TXN00000011,3172,412,66.55,BRL,approved,2025-08-03 03:46:45,credit_card,American Express,BR,00,Transaction approved,3.18,2.12,64.43,mobile,118.50.207.180,"Mozilla/5.0 (iPod; U; CPU iPhone OS 4_3 like Mac OS X; is-IS) AppleWebKit/533.46.4 (KHTML, like Gecko) Version/4.0.5 Mobile/8B114 Safari/6533.46.4",1,2885,False,1,services,False,2025-08-04
TXN00000012,6975,945,65.29,PEN,approved,2025-08-18 05:31:38,credit_card,Visa,PE,00,Transaction approved,2.94,1.92,63.37,mobile,109.216.19.226,Mozilla/5.0 (compatible; MSIE 5.0; Windows NT 6.0; Trident/3.0),1,2210,False,6,food_beverage,False,2025-08-19
TXN00000013,8830,260,25.35,BRL,declined,2025-09-27 05:44:22,bank_transfer,PSE,BR,54,Insufficient funds,0.0,0.0,0.0,desktop,166.220.81.148,Mozilla/5.0 (compatible; MSIE 6.0; Windows NT 6.2; Trident/5.0),3,2618,,1,utilities,False,
TXN00000019,3821,602,140.6,COP,approved,2025-10-17 03:59:29,credit_card,Diners Club,CO,00,Transaction approved,2.87,4.04,136.56,mobile,214.175.130.130,"Mozilla/5.0 (iPod; U; CPU iPhone OS 3_1 like Mac OS X; gu-IN) AppleWebKit/532.16.7 (KHTML, like Gecko) Version/3.0.5 Mobile/8B116 Safari/6532.16.7",1,2482,True,12,travel,False,2025-10-19
TXN00000021,2120,926,7.16,BRL,approved,2025-10-11 04:34:45,bank_transfer,TEF,BR,00,Transaction approved,1.03,0.07,7.09,mobile,35.54.192.177,Opera/8.66.(Windows NT 5.0; mag-IN) Presto/2.9.179 Version/10.00,1,2379,,1,utilities,False,2025-10-12
TXN00000032,8917,850,15.62,MXN,approved,2025-08-09 02:59:25,credit_card,Visa,MX,00,Transaction approved,3.0,0.47,15.15,tablet,161.81.93.5,Mozilla/5.0 (compatible; MSIE 6.0; Windows NT 11.0; Trident/5.1),1,1666,True,6,tech,False,2025-08-11
TXN00000033,1523,574,42.21,BRL,declined,2025-09-29 03:57:34,ewallet,Clip,BR,54,Security violation,0.0,0.0,0.0,desktop,45.55.234.160,Mozilla/5.0 (X11; Linux i686; rv:1.9.6.20) Gecko/6868-06-24 21:08:12 Firefox/3.8,1,428,,1,utilities,False,
TXN00000036,7743,576,26.79,MXN,approved,2025-08-28 00:32:37,bank_transfer,PSE,MX,00,Transaction approved,1.85,0.5,26.29,mobile,186.27.110.61,Mozilla/5.0 (compatible; MSIE 8.0; Windows NT 11.0; Trident/5.0),1,1924,,1,entertainment,False,2025-08-29
TXN00000046,8925,188,12.81,USD,approved,2025-10-03 04:41:50,credit_card,American Express,PE,00,Transaction approved,2.86,0.37,12.44,mobile,137.78.206.157,Mozilla/5.0 (compatible; MSIE 7.0; Windows NT 6.2; Trident/4.0),1,2006,True,1,travel,True,2025-10-04
TXN00000051,5224,427,9.94,USD,approved,2025-10-11 00:17:51,bank_transfer,Transferencia,BR,00,Transaction approved,1.56,0.16,9.78,mobile,7.173.221.108,"Mozilla/5.0 (Macintosh; PPC Mac OS X 10_9_0 rv:3.0; unm-US) AppleWebKit/532.45.4 (KHTML, like Gecko) Version/5.0 Safari/532.45.4",1,1426,,1,entertainment,True,2025-10-12
TXN00000056,5055,574,32.37,BRL,approved,2025-08-16 02:51:50,debit_card,Visa Debit,BR,00,Transaction approved,2.69,0.87,31.5,mobile,17.210.244.239,"Mozilla/5.0 (Linux; Android 4.0.1) AppleWebKit/533.1 (KHTML, like Gecko) Chrome/45.0.822.0 Safari/533.1",1,415,True,1,tech,False,2025-08-17
TXN00000062,7597,297,25.79,BRL,declined,2025-09-10 02:41:00,debit_card,Visa Debit,BR,05,Insufficient funds,0.0,0.0,0.0,api,115.56.109.121,API/1.0,3,1480,False,1,services,False,
TXN00000066,1770,938,33.66,CLP,approved,2025-10-04 01:25:13,credit_card,Mastercard,CL,00,Transaction approved,2.64,0.89,32.77,desktop,153.157.170.138,Mozilla/5.0 (compatible; MSIE 5.0; Windows 98; Win 9x 4.90; Trident/4.1),1,1783,True,3,food_beverage,False,2025-10-05
TXN00000067,9917,451,9.91,MXN,approved,2025-10-22 05:33:52,debit_card,Mastercard Debit,MX,00,Transaction approved,2.88,0.29,9.62,mobile,76.67.106.249,Opera/9.87.(X11; Linux i686; km-KH) Presto/2.9.179 Version/10.00,1,2435,True,1,travel,False,2025-10-23
TXN00000074,8922,304,8.12,COP,approved,2025-10-03 01:59:25,debit_card,Mastercard Debit,CO,00,Transaction approved,3.42,0.28,7.84,mobile,5.175.218.200,Mozilla/5.0 (compatible; MSIE 7.0; Windows NT 6.2; Trident/3.0),1,2184,True,1,utilities,False,2025-10-05
TXN00000077,910,829,62.27,MXN,declined,2025-09-20 03:11:14,debit_card,Maestro,MX,54,Exceeds withdrawal limit,0.0,0.0,0.0,api,183.21.124.40,API/1.0,3,801,True,1,food_beverage,False,
TXN00000082,6421,507,20.7,COP,approved,2025-09-10 05:51:38,bank_transfer,SPEI,CO,00,Transaction approved,1.62,0.34,20.36,mobile,56.248.54.148,Mozilla/5.0 (Macintosh; U; PPC Mac OS X 10_12_2; rv:1.9.2.20) Gecko/7993-09-18 07:03:44 Firefox/3.6.6,1,716,,1,utilities,False,2025-09-12
TXN00000084,9281,556,11.93,COP,declined,2025-08-11 00:44:13,ewallet,Rappi Pay,CO,54,Expired card,0.0,0.0,0.0,mobile,10.33.170.239,Mozilla/5.0 (compatible; MSIE 7.0; Windows NT 4.0; Trident/4.0),3,887,,1,retail,False,
TXN00000092,2745,767,133.01,MXN,approved,2025-08-24 00:25:39,bank_transfer,Transferencia,MX,00,Transaction approved,1.97,2.62,130.39,mobile,49.15.141.28,"Mozilla/5.0 (X11; Linux i686) AppleWebKit/533.2 (KHTML, like Gecko) Chrome/59.0.895.0 Safari/533.2",1,319,,1,services,False,2025-08-25
TXN00000093,6321,649,19.13,USD,approved,2025-09-08 00:11:26,credit_card,Diners Club,AR,00,Transaction approved,2.59,0.5,18.63,api,10.72.142.26,API/1.0,1,2449,True,3,services,True,2025-09-10
TXN00000095,9463,714,3.81,COP,approved,2025-08-28 05:41:52,credit_card,Mastercard,CO,00,Transaction approved,3.26,0.12,3.69,desktop,97.227.134.158,"Mozilla/5.0 (iPad; CPU iPad OS 13_5_1 like Mac OS X) AppleWebKit/534.1 (KHTML, like Gecko) FxiOS/17.5m3074.0 Mobile/86M092 Safari/534.1",1,2230,False,1,food_beverage,False,2025-08-30
TXN00000100,6220,173,76.86,COP,approved,2025-09-06 01:23:44,credit_card,Visa,CO,00,Transaction approved,3.31,2.54,74.32,mobile,45.122.181.182,"Mozilla/5.0 (Windows; U; Windows 98; Win 9x 4.90) AppleWebKit/535.2.6 (KHTML, like Gecko) Version/4.0.2 Safari/535.2.6",1,139,True,12,tech,False,2025-09-07
